Date,Product,Region,Customer_Type,Quantity,Price,Discount,Revenue
2024-01-29,Gaming Subscription,East,VIP,61,8.91,0.27,396.76
2024-04-30,Music Subscription,West,VIP,41,45.18,0.18,1518.95
2024-10-23,Music Subscription,South,Regular,65,40.42,0.18,2154.39
2024-10-10,Movie Subscription,East,Regular,64,12.28,0.01,778.06
2024-10-30,Music Subscription,East,VIP,17,14.54,0.02,242.24
2024-01-15,Gaming Subscription,West,VIP,58,13.5,0.3,548.1
2024-10-07,Music Subscription,East,VIP,42,7.25,0.16,255.78
2024-03-20,Gaming Subscription,East,VIP,80,19.86,0.29,1128.05
2024-07-16,Music Subscription,North,VIP,100,8.9,0.15,756.5
2024-03-06,Movie Subscription,North,Regular,62,7.2,0.14,383.9
2024-07-02,Gaming Subscription,West,Regular,59,33.69,0.04,1908.2
2024-02-27,Music Subscription,North,VIP,26,18.8,0.25,366.6
2024-12-14,Movie Subscription,West,Regular,12,42.24,0.22,395.37
2024-04-07,Movie Subscription,South,Regular,83,18.15,0.07,1401.0
2024-12-13,Movie Subscription,West,Regular,59,5.82,0.09,312.48
2024-08-21,Movie Subscription,East,Regular,81,6.93,0.06,527.65
2024-07-23,Music Subscription,East,VIP,66,49.65,0.06,3080.29
2024-05-28,Gaming Subscription,North,VIP,16,25.91,0.04,397.98
2024-09-02,Gaming Subscription,West,Regular,70,28.19,0.14,1697.04
2024-02-04,Gaming Subscription,South,VIP,51,23.97,0.18,1002.43
2024-12-19,Movie Subscription,North,VIP,48,20.98,0.07,936.55
2024-05-25,Gaming Subscription,South,Regular,17,21.59,0.11,326.66
2024-03-29,Gaming Subscription,West,Regular,16,13.04,0.28,150.22
2024-11-12,Gaming Subscription,South,Regular,98,22.31,0.19,1770.97
2024-06-28,Movie Subscription,South,VIP,64,11.8,0.03,732.54
2024-07-30,Music Subscription,South,VIP,16,46.82,0.16,629.26
2024-04-30,Gaming Subscription,South,Regular,13,7.58,0.26,72.92
2024-01-29,Music Subscription,North,Regular,63,41.09,0.22,2019.16
2024-03-18,Gaming Subscription,North,VIP,68,30.76,0.25,1568.76
2024-11-04,Music Subscription,East,VIP,33,12.65,0.25,313.09
2024-06-22,Movie Subscription,South,VIP,51,20.94,0.29,758.24
2024-02-12,Gaming Subscription,South,Regular,4,29.7,0.01,117.61
2024-07-23,Movie Subscription,South,VIP,73,37.06,0.27,1974.93
2024-04-01,Gaming Subscription,South,Regular,66,8.09,0.14,459.19
2024-09-11,Gaming Subscription,North,VIP,93,8.37,0.24,591.59
2024-09-21,Music Subscription,West,VIP,38,40.59,0.16,1295.63
2024-11-08,Music Subscription,East,Regular,60,44.6,0.1,2408.4
2024-02-01,Gaming Subscription,North,VIP,33,34.47,0.18,932.76
2024-09-28,Movie Subscription,South,VIP,42,44.42,0.06,1753.7
2024-04-24,Movie Subscription,North,Regular,41,36.34,0.07,1385.64
2024-12-23,Movie Subscription,North,Regular,10,46.83,0.21,369.96
2024-09-29,Movie Subscription,North,VIP,60,27.88,0.08,1538.98
2024-05-20,Gaming Subscription,North,Regular,60,20.44,0.28,883.01
2024-12-31,Music Subscription,South,VIP,92,20.46,0.21,1487.03
2024-02-19,Movie Subscription,North,Regular,61,25.05,0.07,1421.09
2024-08-09,Gaming Subscription,East,VIP,72,24.56,0.27,1290.87
2024-01-20,Gaming Subscription,North,Regular,66,19.53,0.29,915.18
2024-05-19,Gaming Subscription,East,VIP,67,32.4,0.13,1888.6
2024-02-17,Music Subscription,East,VIP,4,48.23,0.2,154.34
2024-11-13,Movie Subscription,West,Regular,44,41.06,0.19,1463.38
2024-07-31,Movie Subscription,West,VIP,68,45.58,0.08,2851.48
2024-03-31,Music Subscription,East,VIP,25,25.3,0.23,487.02
2024-09-20,Gaming Subscription,East,Regular,7,20.81,0.15,123.82
2024-06-04,Movie Subscription,East,Regular,32,39.63,0.21,1001.85
2024-02-12,Movie Subscription,East,VIP,6,33.61,0.09,183.51
2024-07-07,Gaming Subscription,East,Regular,40,5.41,0.02,212.07
2024-09-07,Gaming Subscription,West,Regular,44,15.2,0.17,555.1
2024-04-01,Movie Subscription,West,VIP,35,12.32,0.21,340.65
2024-05-01,Gaming Subscription,East,VIP,61,35.39,0.06,2029.26
2024-02-24,Gaming Subscription,North,Regular,52,38.61,0.16,1686.48
2024-09-13,Movie Subscription,West,VIP,54,33.12,0.18,1466.55
2024-03-30,Music Subscription,South,Regular,37,5.75,0.25,159.56
2024-11-09,Gaming Subscription,South,Regular,62,19.13,0.09,1079.31
2024-10-14,Movie Subscription,South,Regular,35,19.64,0.13,598.04
2024-06-22,Music Subscription,East,VIP,94,42.89,0.26,2983.43
2024-09-07,Gaming Subscription,West,Regular,14,48.4,0.23,521.75
2024-09-12,Movie Subscription,East,Regular,59,21.57,0.04,1221.72
2024-12-22,Gaming Subscription,South,VIP,36,30.47,0.26,811.72
2024-04-06,Gaming Subscription,East,Regular,16,41.11,0.02,644.6
2024-04-12,Movie Subscription,East,VIP,30,36.41,0.15,928.46
2024-09-16,Gaming Subscription,West,VIP,37,36.19,0.26,990.88
2024-06-13,Movie Subscription,East,VIP,80,7.19,0.17,477.42
2024-06-08,Music Subscription,South,Regular,1,29.15,0.16,24.49
2024-01-11,Music Subscription,South,Regular,49,45.37,0.07,2067.51
2024-02-17,Music Subscription,West,VIP,8,13.36,0.21,84.44
2024-12-12,Music Subscription,West,Regular,94,31.93,0.07,2791.32
2024-12-30,Music Subscription,South,VIP,18,42.64,0.27,560.29
2024-11-18,Music Subscription,West,Regular,67,42.59,0.07,2653.78
2024-10-09,Music Subscription,South,Regular,4,42.28,0.26,125.15
2024-01-10,Movie Subscription,East,VIP,94,7.01,0.24,500.79
2024-08-12,Gaming Subscription,East,Regular,41,39.31,0.26,1192.67
2024-06-16,Music Subscription,North,VIP,77,11.62,0.09,814.21
2024-05-11,Gaming Subscription,East,Regular,42,43.34,0.07,1692.86
2024-04-01,Music Subscription,West,VIP,45,43.52,0.24,1488.38
2024-05-12,Movie Subscription,East,VIP,89,14.66,0.05,1239.5
2024-07-22,Music Subscription,East,Regular,33,49.6,0.01,1620.43
2024-09-14,Movie Subscription,West,VIP,55,45.17,0.1,2235.92
2024-09-19,Gaming Subscription,East,Regular,98,15.62,0.26,1132.76
2024-07-11,Movie Subscription,West,Regular,89,39.94,0.24,2701.54
2024-01-18,Music Subscription,North,VIP,3,5.12,0.07,14.28
2024-03-22,Gaming Subscription,South,Regular,17,36.65,0.04,598.13
2024-10-03,Movie Subscription,East,VIP,44,13.25,0.11,518.87
2024-10-29,Music Subscription,West,Regular,55,26.9,0.29,1050.44
2024-02-15,Movie Subscription,West,VIP,79,18.19,0.24,1092.13
2024-01-23,Gaming Subscription,South,VIP,46,19.25,0.02,867.79
2024-08-08,Music Subscription,East,Regular,61,33.62,0.01,2030.31
2024-06-30,Music Subscription,East,Regular,92,39.72,0.05,3471.53
2024-08-15,Gaming Subscription,East,VIP,75,13.68,0.09,933.66
2024-02-17,Music Subscription,West,VIP,98,8.83,0.05,822.07
2024-05-30,Gaming Subscription,South,VIP,62,42.87,0.06,2498.46
2024-05-30,Music Subscription,East,VIP,66,36.98,0.19,1976.95
2024-04-08,Movie Subscription,North,VIP,99,42.53,0.08,3873.63
2024-01-07,Gaming Subscription,East,Regular,90,32.2,0.27,2115.54
2024-08-15,Music Subscription,West,Regular,36,27.81,0.18,820.95
2024-08-24,Music Subscription,West,Regular,52,6.14,0.29,226.69
2024-01-30,Music Subscription,East,Regular,42,21.81,0.25,687.02
2024-04-04,Gaming Subscription,South,VIP,42,16.25,0.22,532.35
2024-04-05,Movie Subscription,West,VIP,79,33.11,0.27,1909.45
2024-01-07,Music Subscription,East,VIP,5,29.07,0.25,109.01
2024-10-30,Gaming Subscription,South,Regular,93,44.33,0.14,3545.51
2024-07-10,Music Subscription,West,VIP,75,35.35,0.0,2651.25
2024-09-25,Gaming Subscription,West,VIP,71,5.77,0.2,327.74
2024-03-30,Music Subscription,East,VIP,85,20.96,0.05,1692.52
2024-10-14,Movie Subscription,South,VIP,63,22.31,0.17,1166.59
2024-05-14,Gaming Subscription,North,VIP,70,16.5,0.13,1004.85
2024-04-06,Gaming Subscription,West,Regular,57,27.6,0.09,1431.61
2024-07-09,Movie Subscription,East,VIP,79,9.07,0.17,594.72
2024-12-18,Movie Subscription,South,Regular,29,42.29,0.21,968.86
2024-10-24,Gaming Subscription,East,VIP,91,32.49,0.03,2867.89
2024-12-22,Gaming Subscription,North,VIP,97,26.97,0.2,2092.87
2024-01-10,Gaming Subscription,North,VIP,85,9.58,0.19,659.58
2024-09-12,Music Subscription,South,VIP,72,30.61,0.26,1630.9
2024-02-16,Movie Subscription,North,VIP,89,24.07,0.19,1735.21
2024-06-05,Movie Subscription,East,VIP,70,12.03,0.04,808.42
2024-09-15,Gaming Subscription,East,Regular,98,41.74,0.21,3231.51
2024-11-15,Gaming Subscription,North,Regular,78,29.02,0.01,2240.92
2024-12-10,Movie Subscription,West,Regular,2,9.65,0.28,13.9
2024-12-26,Movie Subscription,East,VIP,100,40.37,0.11,3592.93
2024-03-19,Movie Subscription,East,Regular,78,13.4,0.18,857.06
2024-07-26,Gaming Subscription,West,VIP,68,40.59,0.27,2014.89
2024-06-26,Music Subscription,South,Regular,41,34.02,0.2,1115.86
2024-05-26,Music Subscription,West,VIP,13,5.67,0.26,54.55
2024-02-16,Music Subscription,West,Regular,98,11.43,0.08,1030.53
2024-08-27,Gaming Subscription,West,VIP,69,47.99,0.25,2483.48
2024-02-04,Music Subscription,East,Regular,57,31.4,0.3,1252.86
2024-10-03,Gaming Subscription,North,Regular,89,16.9,0.11,1338.65
2024-06-16,Gaming Subscription,West,Regular,38,30.42,0.2,924.77
2024-12-17,Gaming Subscription,South,VIP,37,9.89,0.16,307.38
2024-11-29,Gaming Subscription,South,Regular,3,6.91,0.03,20.11
2024-06-09,Music Subscription,South,VIP,31,9.29,0.04,276.47
2024-09-22,Movie Subscription,South,VIP,32,9.02,0.28,207.82
2024-02-06,Music Subscription,South,VIP,9,20.45,0.26,136.2
2024-07-03,Music Subscription,South,Regular,9,28.4,0.25,191.7
2024-02-05,Gaming Subscription,West,Regular,24,37.66,0.28,650.76
2024-06-13,Gaming Subscription,West,VIP,32,40.03,0.24,973.53
2024-01-06,Gaming Subscription,North,Regular,85,44.55,0.2,3029.4
2024-01-21,Music Subscription,West,VIP,28,18.46,0.29,366.98
2024-03-14,Gaming Subscription,North,Regular,86,44.64,0.2,3071.23
2024-09-10,Movie Subscription,West,VIP,48,39.51,0.09,1725.8
2024-11-07,Music Subscription,North,VIP,65,34.0,0.04,2121.6
2024-10-14,Movie Subscription,South,Regular,9,30.08,0.2,216.58
2024-10-25,Movie Subscription,South,Regular,20,46.69,0.28,672.34
2024-03-30,Music Subscription,North,VIP,84,45.06,0.14,3255.13
2024-04-22,Music Subscription,South,Regular,64,5.04,0.0,322.56
2024-05-22,Music Subscription,North,Regular,5,21.59,0.25,80.96
2024-04-15,Gaming Subscription,West,Regular,65,43.52,0.1,2545.92
2024-06-21,Music Subscription,East,VIP,68,47.83,0.26,2406.81
2024-02-05,Gaming Subscription,West,Regular,94,17.27,0.29,1152.6
2024-03-31,Movie Subscription,East,VIP,54,15.11,0.01,807.78
2024-08-17,Gaming Subscription,South,VIP,30,31.68,0.06,893.38
2024-11-28,Gaming Subscription,South,VIP,98,13.05,0.14,1099.85
2024-07-08,Music Subscription,West,VIP,81,28.02,0.01,2246.92
2024-11-28,Movie Subscription,North,VIP,93,35.88,0.17,2769.58
2024-05-12,Gaming Subscription,North,Regular,78,41.18,0.25,2409.03
2024-10-11,Movie Subscription,North,VIP,52,14.79,0.17,638.34
2024-05-30,Movie Subscription,West,Regular,60,43.85,0.21,2078.49
2024-12-09,Music Subscription,East,VIP,13,44.41,0.19,467.64
2024-05-22,Gaming Subscription,North,VIP,87,22.4,0.13,1695.46
2024-06-15,Movie Subscription,North,Regular,60,45.32,0.24,2066.59
2024-07-25,Gaming Subscription,South,Regular,34,13.59,0.25,346.54
2024-12-24,Music Subscription,West,VIP,72,12.86,0.29,657.4
2024-11-30,Gaming Subscription,North,Regular,67,32.26,0.1,1945.28
2024-02-18,Gaming Subscription,North,VIP,17,20.22,0.03,333.43
2024-09-01,Movie Subscription,South,VIP,97,20.51,0.15,1691.05
2024-06-03,Movie Subscription,South,VIP,70,38.75,0.06,2549.75
2024-08-28,Movie Subscription,South,VIP,99,28.17,0.05,2649.39
2024-12-05,Gaming Subscription,East,Regular,94,20.96,0.09,1792.92
2024-02-09,Gaming Subscription,North,VIP,48,37.68,0.1,1627.78
2024-10-04,Gaming Subscription,North,VIP,62,48.45,0.13,2613.39
2024-10-23,Music Subscription,East,Regular,22,36.91,0.12,714.58
2024-07-13,Movie Subscription,North,Regular,94,11.37,0.3,748.15
2024-01-28,Gaming Subscription,North,Regular,91,49.73,0.18,3710.85
2024-05-11,Music Subscription,East,Regular,25,45.74,0.2,914.8
2024-08-30,Movie Subscription,East,Regular,8,16.15,0.13,112.4
2024-10-02,Gaming Subscription,East,Regular,92,30.84,0.29,2014.47
2024-12-20,Movie Subscription,South,VIP,74,33.06,0.29,1736.97
2024-08-11,Music Subscription,North,VIP,43,29.03,0.09,1135.94
2024-06-05,Music Subscription,South,Regular,86,11.6,0.04,957.7
2024-05-10,Gaming Subscription,East,VIP,58,7.7,0.26,330.48
2024-05-09,Music Subscription,North,Regular,77,46.63,0.29,2549.26
2024-09-27,Gaming Subscription,North,Regular,43,47.36,0.21,1608.82
2024-03-12,Movie Subscription,South,VIP,45,18.12,0.14,701.24
2024-09-09,Gaming Subscription,East,VIP,48,36.42,0.08,1608.31
2024-03-03,Music Subscription,West,Regular,12,26.12,0.08,288.36
2024-08-10,Music Subscription,West,VIP,85,41.84,0.0,3556.4
2024-01-16,Movie Subscription,West,Regular,10,29.47,0.05,279.96
2024-07-06,Music Subscription,East,VIP,2,7.12,0.27,10.4
2024-01-07,Gaming Subscription,North,VIP,28,8.25,0.24,175.56
2024-10-31,Gaming Subscription,West,Regular,10,21.65,0.09,197.02
2024-03-18,Music Subscription,East,Regular,56,8.83,0.25,370.86
2024-09-01,Movie Subscription,South,Regular,60,32.88,0.19,1597.97
2024-03-25,Gaming Subscription,South,VIP,22,40.19,0.24,671.98
2024-03-29,Gaming Subscription,West,VIP,30,44.5,0.18,1094.7
2024-01-12,Music Subscription,West,Regular,12,27.79,0.2,266.78
2024-09-16,Music Subscription,West,Regular,24,17.86,0.13,372.92
2024-07-11,Gaming Subscription,West,Regular,1,14.57,0.02,14.28
2024-05-02,Music Subscription,South,Regular,20,18.72,0.12,329.47
2024-05-06,Movie Subscription,West,Regular,75,42.3,0.01,3140.78
2024-10-25,Music Subscription,West,VIP,47,6.97,0.07,304.66
2024-01-29,Gaming Subscription,South,VIP,63,18.67,0.07,1093.88
2024-12-06,Gaming Subscription,West,Regular,67,15.39,0.07,958.95
2024-06-07,Gaming Subscription,East,Regular,84,43.11,0.05,3440.18
2024-07-11,Movie Subscription,North,Regular,7,29.63,0.22,161.78
2024-03-03,Music Subscription,West,Regular,51,30.87,0.28,1133.55
2024-08-20,Gaming Subscription,West,VIP,36,18.69,0.29,477.72
2024-06-30,Gaming Subscription,North,VIP,28,33.55,0.15,798.49
2024-02-19,Movie Subscription,East,Regular,63,29.99,0.11,1681.54
2024-07-23,Music Subscription,East,Regular,8,41.89,0.08,308.31
2024-07-31,Gaming Subscription,East,Regular,27,20.48,0.21,436.84
2024-09-04,Gaming Subscription,West,VIP,18,36.99,0.19,539.31
2024-09-08,Gaming Subscription,West,VIP,79,15.13,0.16,1004.03
2024-07-03,Music Subscription,West,VIP,43,16.71,0.08,661.05
2024-11-27,Movie Subscription,East,Regular,99,14.37,0.08,1308.82
2024-04-28,Movie Subscription,South,Regular,6,35.32,0.13,184.37
2024-04-02,Music Subscription,South,VIP,79,27.01,0.18,1749.71
2024-04-13,Music Subscription,West,VIP,16,14.06,0.15,191.22
2024-10-14,Music Subscription,East,Regular,48,38.7,0.01,1839.02
2024-08-02,Gaming Subscription,East,Regular,74,38.61,0.09,2600.0
2024-09-01,Music Subscription,East,Regular,85,6.21,0.05,501.46
2024-07-26,Movie Subscription,South,VIP,96,20.82,0.08,1838.82
2024-02-11,Music Subscription,East,Regular,59,22.09,0.05,1238.14
2024-05-16,Gaming Subscription,North,Regular,88,17.11,0.21,1189.49
2024-06-30,Music Subscription,West,Regular,28,15.56,0.28,313.69
2024-10-17,Movie Subscription,North,VIP,56,27.16,0.23,1171.14
2024-04-06,Music Subscription,North,VIP,25,16.36,0.17,339.47
2024-06-30,Gaming Subscription,North,Regular,97,13.09,0.25,952.3
2024-01-26,Movie Subscription,North,VIP,9,41.36,0.11,331.29
2024-12-14,Gaming Subscription,North,Regular,37,30.83,0.11,1015.23
2024-10-05,Gaming Subscription,West,VIP,63,7.79,0.29,348.45
2024-06-11,Music Subscription,North,Regular,32,49.19,0.17,1306.49
2024-10-26,Music Subscription,West,Regular,46,16.8,0.18,633.7
2024-09-09,Movie Subscription,South,VIP,19,11.6,0.15,187.34
2024-04-13,Gaming Subscription,North,VIP,81,22.06,0.21,1411.62
2024-10-27,Gaming Subscription,West,Regular,92,15.41,0.13,1233.42
2024-06-30,Gaming Subscription,West,VIP,42,43.18,0.1,1632.2
2024-05-14,Gaming Subscription,North,VIP,16,22.76,0.1,327.74
2024-07-05,Movie Subscription,East,VIP,14,36.86,0.29,366.39
2024-10-06,Gaming Subscription,South,VIP,96,46.13,0.09,4029.92
2024-01-20,Movie Subscription,South,VIP,45,46.6,0.03,2034.09
2024-12-30,Gaming Subscription,West,VIP,42,25.15,0.28,760.54
2024-11-30,Music Subscription,East,VIP,90,5.74,0.18,423.61
2024-10-15,Music Subscription,South,VIP,77,12.19,0.21,741.52
2024-11-11,Movie Subscription,East,VIP,22,47.07,0.22,807.72
2024-09-10,Movie Subscription,South,Regular,3,16.33,0.23,37.72
2024-03-17,Music Subscription,West,VIP,17,25.79,0.01,434.05
2024-09-12,Gaming Subscription,East,Regular,49,10.95,0.09,488.26
2024-09-08,Movie Subscription,West,VIP,40,10.49,0.27,306.31
2024-09-25,Gaming Subscription,South,VIP,12,45.67,0.09,498.72
2024-07-17,Gaming Subscription,North,Regular,4,36.02,0.24,109.5
2024-07-05,Gaming Subscription,West,Regular,53,21.71,0.17,955.02
2024-05-01,Movie Subscription,East,Regular,22,26.29,0.26,428.0
2024-10-10,Music Subscription,North,Regular,59,41.45,0.22,1907.53
2024-06-10,Movie Subscription,East,VIP,91,5.54,0.07,468.85
2024-08-11,Gaming Subscription,North,Regular,61,35.86,0.04,2099.96
2024-03-11,Gaming Subscription,East,VIP,21,10.97,0.15,195.81
2024-01-28,Movie Subscription,South,VIP,63,42.22,0.12,2340.68
2024-12-12,Gaming Subscription,West,VIP,15,29.11,0.16,366.79
2024-01-07,Gaming Subscription,East,VIP,11,42.64,0.1,422.14
2024-07-10,Movie Subscription,East,Regular,95,32.0,0.26,2249.6
2024-04-18,Movie Subscription,East,VIP,29,39.72,0.2,921.5
2024-11-08,Gaming Subscription,East,VIP,63,43.51,0.13,2384.78
2024-05-12,Gaming Subscription,South,VIP,46,33.08,0.2,1217.34
2024-05-29,Gaming Subscription,South,Regular,85,48.38,0.13,3577.7
2024-11-08,Movie Subscription,East,Regular,12,49.44,0.21,468.69
2024-01-02,Gaming Subscription,West,VIP,55,42.95,0.2,1889.8
2024-03-22,Movie Subscription,South,Regular,41,36.16,0.24,1126.75
2024-07-05,Movie Subscription,East,Regular,75,20.1,0.2,1206.0
2024-01-03,Music Subscription,North,Regular,91,5.19,0.16,396.72
2024-07-24,Music Subscription,West,VIP,23,9.06,0.07,193.79
2024-11-24,Movie Subscription,East,Regular,42,14.88,0.27,456.22
2024-09-19,Music Subscription,South,Regular,42,5.95,0.18,204.92
2024-06-18,Music Subscription,West,Regular,81,24.67,0.22,1558.65
2024-07-25,Movie Subscription,West,VIP,42,26.47,0.01,1100.62
2024-03-19,Music Subscription,North,Regular,34,47.79,0.18,1332.39
2024-06-05,Music Subscription,South,VIP,57,32.14,0.26,1355.67
2024-01-11,Gaming Subscription,East,VIP,63,5.91,0.04,357.44
2024-12-27,Movie Subscription,North,VIP,30,44.37,0.1,1197.99
2024-08-28,Movie Subscription,South,VIP,59,13.17,0.04,745.95
2024-04-13,Music Subscription,South,VIP,31,41.74,0.19,1048.09
2024-08-08,Movie Subscription,North,VIP,74,35.07,0.08,2387.57
2024-09-17,Music Subscription,North,Regular,7,33.38,0.08,214.97
2024-08-12,Music Subscription,East,VIP,7,48.13,0.03,326.8
2024-12-03,Movie Subscription,South,Regular,1,41.17,0.03,39.93
2024-07-06,Gaming Subscription,East,VIP,75,34.12,0.09,2328.69
2024-06-06,Music Subscription,North,VIP,38,15.83,0.14,517.32
2024-02-15,Movie Subscription,North,VIP,27,27.47,0.02,726.86
2024-07-06,Movie Subscription,East,Regular,2,45.27,0.05,86.01
2024-01-16,Movie Subscription,West,Regular,37,14.26,0.21,416.82
2024-10-05,Movie Subscription,East,VIP,21,20.22,0.2,339.7
2024-09-24,Gaming Subscription,North,Regular,93,42.68,0.29,2818.16
2024-05-26,Music Subscription,West,Regular,39,30.78,0.23,924.32
2024-01-17,Movie Subscription,North,VIP,40,16.13,0.22,503.26
2024-06-04,Gaming Subscription,East,Regular,35,17.42,0.23,469.47
2024-08-03,Music Subscription,West,VIP,24,49.62,0.11,1059.88
2024-08-02,Music Subscription,South,VIP,60,35.26,0.18,1734.79
2024-10-28,Music Subscription,East,Regular,83,9.33,0.05,735.67
2024-05-10,Movie Subscription,North,VIP,3,11.64,0.1,31.43
2024-06-11,Gaming Subscription,North,VIP,65,26.52,0.15,1465.23
2024-05-29,Movie Subscription,East,VIP,14,6.26,0.11,78.0
2024-09-11,Music Subscription,East,Regular,48,37.52,0.1,1620.86
2024-12-23,Music Subscription,South,VIP,100,45.08,0.23,3471.16
2024-10-24,Gaming Subscription,East,VIP,42,42.34,0.14,1529.32
2024-08-28,Music Subscription,East,Regular,17,13.19,0.08,206.29
2024-09-23,Movie Subscription,South,VIP,85,16.08,0.15,1161.78
2024-01-13,Gaming Subscription,East,VIP,6,20.37,0.01,121.0
2024-04-13,Music Subscription,North,VIP,14,27.38,0.03,371.82
2024-08-28,Music Subscription,East,VIP,27,39.43,0.2,851.69
2024-01-12,Gaming Subscription,South,VIP,76,36.21,0.07,2559.32
2024-01-16,Music Subscription,West,VIP,96,9.07,0.13,757.53
2024-03-19,Music Subscription,South,VIP,5,11.41,0.02,55.91
2024-11-20,Gaming Subscription,South,Regular,27,39.86,0.29,764.12
2024-10-31,Movie Subscription,South,Regular,96,20.08,0.08,1773.47
2024-06-09,Movie Subscription,North,VIP,100,33.33,0.0,3333.0
2024-02-25,Movie Subscription,North,Regular,12,31.07,0.07,346.74
2024-01-03,Music Subscription,South,VIP,76,5.07,0.25,288.99
2024-07-30,Gaming Subscription,North,Regular,66,28.55,0.23,1450.91
2024-07-28,Gaming Subscription,East,Regular,44,36.96,0.22,1268.47
2024-05-16,Movie Subscription,South,Regular,30,12.94,0.05,368.79
2024-01-22,Movie Subscription,West,Regular,44,38.14,0.16,1409.65
2024-07-05,Gaming Subscription,South,VIP,10,23.71,0.14,203.91
2024-10-27,Gaming Subscription,North,Regular,77,32.2,0.26,1834.76
2024-03-13,Movie Subscription,West,Regular,10,24.9,0.21,196.71
2024-12-04,Music Subscription,North,VIP,55,10.43,0.15,487.6
2024-02-15,Music Subscription,North,Regular,93,37.6,0.21,2762.47
2024-10-08,Music Subscription,East,Regular,81,42.18,0.03,3314.08
2024-09-11,Movie Subscription,West,VIP,46,26.5,0.06,1145.86
2024-01-25,Gaming Subscription,North,VIP,88,42.24,0.27,2713.5
2024-08-10,Movie Subscription,South,Regular,50,48.03,0.07,2233.4
2024-07-05,Gaming Subscription,North,Regular,69,17.64,0.13,1058.93
2024-01-17,Movie Subscription,West,VIP,85,16.31,0.1,1247.71
2024-10-26,Movie Subscription,West,VIP,52,28.52,0.3,1038.13
2024-10-31,Gaming Subscription,North,Regular,7,27.97,0.23,150.76
2024-12-21,Music Subscription,North,Regular,21,36.23,0.15,646.71
2024-05-19,Gaming Subscription,South,VIP,52,21.72,0.23,869.67
2024-07-20,Gaming Subscription,East,VIP,39,26.63,0.05,986.64
2024-07-26,Gaming Subscription,South,VIP,32,28.24,0.07,840.42
2024-04-11,Gaming Subscription,East,VIP,3,14.79,0.18,36.38
2024-06-30,Music Subscription,East,Regular,61,32.54,0.0,1984.94
2024-07-24,Music Subscription,North,Regular,13,7.64,0.08,91.37
2024-09-11,Music Subscription,North,VIP,85,29.47,0.13,2179.31
2024-02-06,Music Subscription,South,Regular,56,20.86,0.15,992.94
2024-10-26,Music Subscription,North,Regular,31,24.04,0.03,722.88
2024-07-28,Music Subscription,East,VIP,86,28.65,0.24,1872.56
2024-12-07,Music Subscription,East,VIP,24,28.27,0.22,529.21
2024-03-25,Music Subscription,West,VIP,12,13.35,0.01,158.6
2024-08-19,Music Subscription,East,VIP,70,6.88,0.15,409.36
2024-02-17,Music Subscription,West,Regular,17,28.06,0.15,405.47
2024-10-24,Music Subscription,North,Regular,66,7.51,0.21,391.57
2024-07-05,Gaming Subscription,West,Regular,83,41.77,0.24,2634.85
2024-06-16,Music Subscription,North,VIP,96,17.69,0.08,1562.38
2024-12-09,Music Subscription,North,VIP,55,9.37,0.26,381.36
2024-06-21,Gaming Subscription,North,Regular,40,29.46,0.19,954.5
2024-08-17,Gaming Subscription,South,Regular,20,46.93,0.16,788.42
2024-10-12,Music Subscription,South,VIP,47,38.71,0.26,1346.33
2024-12-16,Gaming Subscription,North,VIP,59,40.37,0.19,1929.28
2024-04-23,Gaming Subscription,West,Regular,8,30.63,0.22,191.13
2024-07-11,Movie Subscription,South,VIP,92,42.16,0.04,3723.57
2024-11-08,Movie Subscription,East,VIP,52,43.1,0.07,2084.32
2024-10-30,Gaming Subscription,East,Regular,36,19.82,0.01,706.38
2024-02-18,Music Subscription,South,VIP,6,32.95,0.12,173.98
2024-07-09,Music Subscription,East,VIP,98,35.55,0.06,3274.87
2024-11-24,Gaming Subscription,East,VIP,87,14.74,0.29,910.49
2024-02-16,Music Subscription,East,VIP,78,12.38,0.04,927.01
2024-08-13,Movie Subscription,South,VIP,32,47.95,0.26,1135.46
2024-06-16,Gaming Subscription,East,VIP,53,20.45,0.07,1007.98
2024-11-03,Music Subscription,North,Regular,76,20.54,0.06,1467.38
2024-11-26,Movie Subscription,North,VIP,14,36.04,0.22,393.56
2024-12-06,Gaming Subscription,East,Regular,10,36.15,0.13,314.5
2024-09-25,Gaming Subscription,East,VIP,100,5.77,0.09,525.07
2024-04-23,Music Subscription,North,Regular,53,47.09,0.19,2021.57
2024-04-04,Movie Subscription,West,VIP,87,24.93,0.13,1886.95
2024-09-28,Movie Subscription,East,Regular,36,17.18,0.09,562.82
2024-06-23,Movie Subscription,East,Regular,86,12.14,0.25,783.03
2024-07-13,Movie Subscription,East,Regular,18,36.84,0.1,596.81
2024-03-02,Music Subscription,South,Regular,40,22.15,0.03,859.42
2024-07-06,Movie Subscription,West,VIP,27,46.32,0.23,962.99
2024-02-24,Gaming Subscription,West,VIP,92,32.26,0.06,2789.84
2024-07-29,Movie Subscription,South,Regular,57,36.5,0.12,1830.84
2024-07-13,Gaming Subscription,East,VIP,63,16.91,0.23,820.3
2024-02-10,Movie Subscription,East,VIP,52,46.68,0.15,2063.26
2024-04-11,Gaming Subscription,East,VIP,62,47.27,0.06,2754.9
2024-09-03,Music Subscription,South,Regular,80,48.34,0.14,3325.79
2024-04-30,Movie Subscription,South,Regular,90,23.84,0.05,2038.32
2024-08-28,Gaming Subscription,South,Regular,100,19.22,0.29,1364.62
2024-06-09,Music Subscription,East,VIP,63,21.87,0.18,1129.8
2024-12-03,Movie Subscription,West,VIP,8,43.55,0.27,254.33
2024-03-03,Gaming Subscription,North,Regular,79,27.75,0.22,1709.96
2024-07-29,Movie Subscription,East,VIP,23,25.9,0.1,536.13
2024-02-22,Movie Subscription,West,VIP,45,6.39,0.29,204.16
2024-12-20,Movie Subscription,South,VIP,25,27.44,0.22,535.08
2024-01-08,Gaming Subscription,South,Regular,11,42.74,0.06,441.93
2024-01-06,Gaming Subscription,South,VIP,5,7.88,0.14,33.88
2024-03-18,Gaming Subscription,East,Regular,19,40.48,0.23,592.22
2024-06-30,Movie Subscription,East,VIP,9,48.07,0.3,302.84
2024-05-07,Gaming Subscription,West,Regular,18,34.4,0.17,513.94
2024-03-04,Movie Subscription,South,Regular,36,6.01,0.12,190.4
2024-08-04,Music Subscription,North,VIP,29,29.48,0.28,615.54
2024-11-24,Music Subscription,West,VIP,34,25.47,0.02,848.66
2024-01-20,Music Subscription,North,VIP,12,49.16,0.1,530.93
2024-11-27,Music Subscription,South,VIP,20,45.23,0.25,678.45
2024-05-24,Movie Subscription,South,Regular,30,43.86,0.29,934.22
2024-02-03,Movie Subscription,South,VIP,64,14.36,0.03,891.47
2024-02-29,Gaming Subscription,South,VIP,12,6.97,0.04,80.29
2024-08-25,Music Subscription,East,Regular,97,18.23,0.05,1679.89
2024-11-24,Music Subscription,East,VIP,83,40.2,0.04,3203.14
2024-11-07,Gaming Subscription,North,VIP,90,31.34,0.09,2566.75
2024-12-23,Gaming Subscription,North,Regular,2,8.88,0.0,17.76
2024-02-04,Music Subscription,East,VIP,84,38.41,0.05,3065.12
2024-01-03,Music Subscription,East,Regular,9,49.56,0.02,437.12
2024-04-12,Movie Subscription,West,VIP,64,23.78,0.16,1278.41
2024-02-20,Gaming Subscription,West,Regular,37,33.85,0.2,1001.96
2024-10-21,Movie Subscription,South,VIP,7,9.98,0.24,53.09
2024-04-07,Music Subscription,South,VIP,49,15.38,0.04,723.48
2024-05-28,Movie Subscription,West,VIP,53,47.88,0.04,2436.13
2024-08-25,Music Subscription,South,VIP,44,12.06,0.23,408.59
2024-08-30,Gaming Subscription,East,Regular,85,47.15,0.16,3366.51
2024-08-13,Music Subscription,South,Regular,18,42.64,0.23,590.99
2024-07-19,Movie Subscription,East,Regular,53,25.33,0.1,1208.24
2024-02-29,Movie Subscription,South,VIP,51,48.35,0.25,1849.39
2024-07-30,Movie Subscription,East,VIP,71,11.88,0.16,708.52
2024-11-19,Movie Subscription,North,VIP,76,32.23,0.04,2351.5
2024-12-25,Movie Subscription,South,VIP,85,40.0,0.27,2482.0
2024-05-24,Music Subscription,North,VIP,58,28.41,0.02,1614.82
2024-01-22,Movie Subscription,North,Regular,44,19.68,0.09,787.99
2024-02-01,Movie Subscription,West,Regular,44,5.12,0.27,164.45
2024-07-15,Gaming Subscription,West,VIP,97,14.49,0.05,1335.25
2024-12-04,Gaming Subscription,East,VIP,52,12.03,0.14,537.98
2024-01-25,Movie Subscription,North,VIP,66,29.21,0.07,1792.91
2024-03-12,Music Subscription,North,VIP,88,30.51,0.06,2523.79
2024-12-05,Gaming Subscription,East,Regular,58,24.59,0.03,1383.43
2024-10-11,Music Subscription,North,VIP,40,21.44,0.05,814.72
2024-07-05,Gaming Subscription,West,VIP,23,25.08,0.08,530.69
2024-02-08,Gaming Subscription,South,VIP,4,43.74,0.07,162.71
2024-07-10,Movie Subscription,North,Regular,60,18.68,0.04,1075.97
2024-03-21,Gaming Subscription,West,VIP,71,35.62,0.1,2276.12
2024-06-20,Movie Subscription,East,Regular,43,39.96,0.18,1408.99
2024-01-05,Music Subscription,East,VIP,91,30.63,0.26,2062.62
2024-02-26,Music Subscription,North,VIP,50,40.41,0.21,1596.2
2024-06-21,Movie Subscription,West,Regular,62,43.23,0.21,2117.41
2024-02-11,Music Subscription,North,Regular,15,43.22,0.29,460.29
2024-08-05,Movie Subscription,North,Regular,75,45.54,0.01,3381.34
2024-04-13,Movie Subscription,West,VIP,80,46.7,0.05,3549.2
2024-07-09,Movie Subscription,West,VIP,65,27.26,0.27,1293.49
2024-02-19,Music Subscription,East,VIP,4,10.45,0.26,30.93
2024-02-19,Movie Subscription,West,VIP,36,27.69,0.18,817.41
2024-11-11,Music Subscription,East,VIP,87,9.13,0.21,627.5
2024-10-10,Music Subscription,South,Regular,98,5.89,0.23,444.46
2024-12-06,Music Subscription,South,VIP,14,9.14,0.25,95.97
2024-01-11,Gaming Subscription,North,Regular,52,33.45,0.12,1530.67
2024-03-13,Music Subscription,North,VIP,11,46.75,0.14,442.26
2024-06-11,Music Subscription,North,VIP,42,45.87,0.23,1483.44
2024-07-13,Movie Subscription,South,VIP,79,32.51,0.07,2388.51
2024-12-20,Gaming Subscription,North,Regular,67,41.52,0.14,2392.38
2024-12-29,Gaming Subscription,West,VIP,80,40.56,0.24,2466.05
2024-06-22,Music Subscription,West,VIP,77,38.05,0.05,2783.36
2024-02-28,Gaming Subscription,North,Regular,46,49.97,0.07,2137.72
2024-10-03,Music Subscription,West,Regular,96,20.74,0.29,1413.64
2024-02-06,Movie Subscription,West,VIP,51,19.76,0.12,886.83
2024-04-24,Gaming Subscription,North,VIP,38,18.02,0.15,582.05
2024-08-16,Gaming Subscription,South,VIP,31,22.43,0.1,625.8
2024-02-11,Gaming Subscription,West,VIP,51,31.75,0.3,1133.47
2024-10-17,Music Subscription,North,VIP,71,42.12,0.12,2631.66
2024-07-22,Music Subscription,North,Regular,8,15.31,0.29,86.96
2024-01-16,Movie Subscription,East,VIP,59,16.29,0.22,749.67
2024-12-23,Movie Subscription,West,VIP,11,19.58,0.09,196.0
2024-07-15,Gaming Subscription,North,Regular,72,24.23,0.08,1605.0
2024-04-03,Movie Subscription,East,Regular,72,7.12,0.27,374.23
2024-09-28,Movie Subscription,South,VIP,29,10.18,0.18,242.08
2024-01-16,Music Subscription,West,Regular,65,40.09,0.22,2032.56
2024-11-28,Movie Subscription,East,VIP,40,34.02,0.2,1088.64
2024-11-25,Gaming Subscription,West,VIP,25,22.47,0.28,404.46
2024-10-13,Music Subscription,North,VIP,43,15.89,0.23,526.12
2024-10-31,Gaming Subscription,West,Regular,78,43.94,0.01,3393.05
2024-06-02,Music Subscription,North,Regular,12,31.57,0.2,303.07
2024-09-28,Music Subscription,East,Regular,82,10.95,0.07,835.05
2024-06-03,Music Subscription,East,Regular,57,23.48,0.05,1271.44
2024-02-22,Music Subscription,East,VIP,5,25.13,0.26,92.98
2024-01-18,Music Subscription,South,VIP,66,46.08,0.04,2919.63
2024-05-10,Movie Subscription,East,VIP,7,22.2,0.2,124.32
2024-02-19,Gaming Subscription,North,Regular,45,25.06,0.29,800.67
2024-03-04,Music Subscription,South,VIP,72,21.98,0.11,1408.48
2024-05-15,Movie Subscription,West,Regular,10,49.59,0.04,476.06
2024-12-27,Movie Subscription,South,Regular,88,15.72,0.05,1314.19
2024-06-13,Music Subscription,South,Regular,96,25.61,0.19,1991.43
2024-11-29,Music Subscription,South,Regular,61,15.47,0.21,745.5
2024-10-26,Movie Subscription,South,VIP,41,25.2,0.19,836.89
2024-02-07,Gaming Subscription,East,VIP,53,16.2,0.09,781.33
2024-09-18,Movie Subscription,South,VIP,7,44.23,0.21,244.59
2024-10-03,Music Subscription,East,VIP,38,20.8,0.15,671.84
2024-08-02,Gaming Subscription,South,VIP,99,37.03,0.1,3299.37
2024-12-24,Gaming Subscription,East,Regular,27,35.44,0.2,765.5
2024-08-30,Music Subscription,North,Regular,42,46.18,0.1,1745.6
2024-04-11,Music Subscription,West,Regular,84,33.62,0.19,2287.5
2024-03-12,Gaming Subscription,North,VIP,25,14.91,0.06,350.38
2024-06-20,Gaming Subscription,South,VIP,66,45.26,0.14,2568.96
2024-08-06,Music Subscription,East,Regular,80,36.39,0.1,2620.08
2024-02-23,Music Subscription,East,VIP,52,9.55,0.17,412.18
2024-12-12,Gaming Subscription,North,VIP,64,10.64,0.3,476.67
2024-03-16,Music Subscription,West,VIP,51,34.83,0.22,1385.54
2024-08-09,Gaming Subscription,East,Regular,90,35.13,0.17,2624.21
2024-06-27,Gaming Subscription,East,VIP,66,15.29,0.27,736.67
2024-01-08,Gaming Subscription,North,Regular,21,45.72,0.18,787.3
2024-08-11,Gaming Subscription,South,VIP,67,6.24,0.23,321.92
2024-08-21,Movie Subscription,West,Regular,11,30.03,0.16,277.48
2024-06-12,Music Subscription,North,VIP,85,36.7,0.06,2932.33
2024-12-31,Gaming Subscription,East,Regular,28,20.4,0.14,491.23
2024-12-13,Gaming Subscription,West,VIP,42,27.54,0.2,925.34
2024-10-04,Movie Subscription,South,Regular,32,13.66,0.3,305.98
2024-02-29,Movie Subscription,West,VIP,11,14.76,0.27,118.52
2024-01-12,Music Subscription,North,VIP,11,8.97,0.06,92.75
2024-02-14,Movie Subscription,North,Regular,22,19.21,0.06,397.26
2024-03-31,Movie Subscription,East,Regular,76,11.51,0.11,778.54
2024-10-18,Music Subscription,South,Regular,50,21.31,0.19,863.06
2024-09-05,Movie Subscription,South,VIP,70,34.34,0.27,1754.77
2024-03-12,Movie Subscription,North,Regular,91,11.74,0.2,854.67
2024-05-11,Music Subscription,South,Regular,74,32.78,0.29,1722.26
2024-03-04,Music Subscription,East,VIP,88,28.39,0.07,2323.44
2024-08-17,Gaming Subscription,North,Regular,11,39.38,0.22,337.88
2024-03-24,Movie Subscription,East,VIP,41,27.51,0.09,1026.4
2024-12-28,Music Subscription,East,VIP,95,22.54,0.15,1820.1
2024-01-09,Movie Subscription,West,VIP,4,8.98,0.2,28.74
2024-10-15,Movie Subscription,West,Regular,23,39.8,0.29,649.93
2024-11-08,Gaming Subscription,West,Regular,90,25.06,0.16,1894.54
2024-04-17,Music Subscription,North,Regular,31,27.89,0.24,657.09
2024-09-18,Gaming Subscription,East,Regular,62,13.29,0.28,593.27
2024-10-17,Gaming Subscription,North,VIP,22,31.16,0.11,610.11
2024-08-28,Music Subscription,South,VIP,27,31.22,0.07,783.93
2024-07-26,Gaming Subscription,East,VIP,17,24.03,0.28,294.13
2024-01-01,Gaming Subscription,North,VIP,85,16.35,0.2,1111.8
2024-03-05,Music Subscription,West,VIP,6,35.33,0.21,167.46
2024-10-21,Movie Subscription,North,Regular,2,42.14,0.14,72.48
2024-03-13,Music Subscription,West,Regular,8,28.9,0.23,178.02
2024-09-30,Music Subscription,North,Regular,18,39.81,0.1,644.92
2024-06-27,Music Subscription,West,Regular,16,38.09,0.28,438.8
2024-04-18,Gaming Subscription,East,VIP,16,45.41,0.23,559.45
2024-12-01,Music Subscription,North,VIP,98,42.5,0.13,3623.55
2024-09-21,Music Subscription,South,VIP,26,45.85,0.16,1001.36
2024-04-11,Music Subscription,West,Regular,23,26.26,0.29,428.83
2024-06-26,Movie Subscription,West,Regular,64,22.54,0.12,1269.45
2024-06-20,Music Subscription,West,Regular,7,6.33,0.18,36.33
2024-11-08,Movie Subscription,North,VIP,18,15.36,0.14,237.77
2024-10-28,Music Subscription,East,Regular,45,23.85,0.05,1019.59
2024-12-03,Movie Subscription,South,Regular,49,5.5,0.16,226.38
2024-04-30,Music Subscription,West,VIP,6,36.48,0.24,166.35
2024-02-26,Music Subscription,South,VIP,50,32.14,0.19,1301.67
2024-10-07,Gaming Subscription,South,VIP,55,26.55,0.1,1314.22
2024-07-14,Movie Subscription,South,Regular,25,5.28,0.17,109.56
2024-11-07,Gaming Subscription,East,Regular,50,9.51,0.04,456.48
2024-01-02,Gaming Subscription,West,VIP,6,24.22,0.03,140.96
2024-02-17,Gaming Subscription,East,VIP,94,46.85,0.3,3082.73
2024-01-08,Movie Subscription,South,Regular,96,21.58,0.11,1843.8
2024-01-18,Music Subscription,West,VIP,7,29.87,0.28,150.54
2024-02-04,Gaming Subscription,North,Regular,56,37.76,0.27,1543.63
2024-11-30,Movie Subscription,South,VIP,47,46.2,0.2,1737.12
2024-08-02,Music Subscription,North,VIP,3,48.3,0.06,136.21
2024-02-27,Music Subscription,North,Regular,29,47.84,0.18,1137.64
2024-02-04,Movie Subscription,East,VIP,65,12.47,0.19,656.55
2024-02-21,Music Subscription,South,Regular,14,31.4,0.06,413.22
2024-01-03,Music Subscription,North,Regular,91,42.27,0.07,3577.31
2024-02-20,Music Subscription,North,VIP,20,27.18,0.21,429.44
2024-12-10,Gaming Subscription,South,VIP,100,30.69,0.13,2670.03
2024-07-23,Movie Subscription,West,VIP,71,28.04,0.1,1791.76
2024-09-02,Movie Subscription,West,Regular,38,20.54,0.29,554.17
2024-08-02,Movie Subscription,South,Regular,29,13.62,0.06,371.28
2024-11-04,Music Subscription,West,VIP,7,26.49,0.07,172.45
2024-12-07,Music Subscription,South,Regular,38,32.76,0.23,958.56
2024-01-25,Movie Subscription,East,Regular,95,38.68,0.19,2976.43
2024-07-04,Gaming Subscription,North,Regular,83,37.17,0.01,3054.26
2024-05-01,Movie Subscription,East,Regular,97,9.13,0.28,637.64
2024-11-22,Gaming Subscription,South,VIP,40,20.36,0.23,627.09
2024-11-16,Gaming Subscription,West,VIP,94,9.01,0.01,838.47
2024-05-18,Gaming Subscription,North,VIP,3,31.29,0.12,82.61
2024-09-18,Music Subscription,North,VIP,6,30.51,0.11,162.92
2024-02-09,Gaming Subscription,North,Regular,38,47.23,0.05,1705.0
2024-09-17,Movie Subscription,North,Regular,80,15.53,0.13,1080.89
2024-07-16,Gaming Subscription,South,Regular,72,26.18,0.01,1866.11
2024-12-30,Music Subscription,South,Regular,22,28.03,0.24,468.66
2024-07-23,Movie Subscription,North,VIP,2,22.69,0.02,44.47
2024-02-16,Movie Subscription,North,Regular,36,47.12,0.07,1577.58
2024-12-02,Gaming Subscription,North,Regular,7,47.29,0.26,244.96
2024-08-28,Movie Subscription,East,VIP,10,7.73,0.12,68.02
2024-08-18,Movie Subscription,North,VIP,41,42.07,0.19,1397.14
2024-01-26,Music Subscription,South,Regular,10,5.34,0.3,37.38
2024-11-29,Movie Subscription,East,Regular,90,31.32,0.2,2255.04
2024-10-24,Movie Subscription,South,Regular,12,37.33,0.21,353.89
2024-04-21,Movie Subscription,West,VIP,6,28.61,0.09,156.21
2024-10-01,Gaming Subscription,South,VIP,45,26.79,0.27,880.05
2024-02-25,Movie Subscription,North,Regular,92,17.84,0.15,1395.09
2024-01-07,Movie Subscription,South,VIP,16,36.83,0.27,430.17
2024-11-22,Movie Subscription,East,VIP,26,5.61,0.14,125.44
2024-12-16,Music Subscription,West,Regular,81,27.98,0.08,2085.07
2024-11-28,Movie Subscription,East,VIP,44,16.95,0.27,544.43
2024-03-12,Movie Subscription,North,Regular,45,24.29,0.11,972.81
2024-07-24,Music Subscription,North,Regular,64,17.13,0.1,986.69
2024-11-11,Gaming Subscription,West,Regular,33,33.82,0.27,814.72
2024-07-12,Gaming Subscription,West,VIP,75,39.11,0.25,2199.94
2024-08-01,Music Subscription,West,VIP,5,45.5,0.02,222.95
2024-11-08,Gaming Subscription,North,VIP,81,40.17,0.09,2960.93
2024-09-22,Movie Subscription,South,Regular,86,10.66,0.11,815.92
2024-12-22,Gaming Subscription,West,VIP,49,29.81,0.09,1329.23
2024-09-23,Music Subscription,West,VIP,41,6.16,0.2,202.05
2024-09-26,Gaming Subscription,North,Regular,47,7.67,0.17,299.21
2024-02-27,Movie Subscription,West,VIP,17,27.19,0.12,406.76
2024-08-30,Gaming Subscription,West,Regular,95,16.78,0.28,1147.75
2024-10-15,Movie Subscription,West,VIP,1,38.63,0.08,35.54
2024-09-28,Music Subscription,East,VIP,44,30.25,0.24,1011.56
2024-05-16,Gaming Subscription,South,VIP,77,19.21,0.28,1065.0
2024-10-14,Gaming Subscription,North,Regular,6,36.65,0.07,204.51
2024-02-24,Movie Subscription,North,VIP,97,31.98,0.15,2636.75
2024-04-25,Gaming Subscription,South,VIP,46,24.91,0.18,939.61
2024-03-30,Movie Subscription,South,Regular,93,19.47,0.01,1792.6
2024-06-22,Gaming Subscription,East,Regular,56,10.64,0.13,518.38
2024-09-16,Gaming Subscription,East,Regular,84,38.3,0.24,2445.07
2024-03-14,Movie Subscription,East,Regular,69,18.34,0.14,1088.3
2024-09-11,Music Subscription,North,VIP,38,9.21,0.07,325.48
2024-08-12,Gaming Subscription,North,VIP,78,13.08,0.09,928.42
2024-01-19,Gaming Subscription,East,Regular,37,48.61,0.03,1744.61
2024-03-02,Gaming Subscription,South,VIP,63,6.92,0.12,383.64
2024-02-25,Music Subscription,East,VIP,20,40.17,0.25,602.55
2024-12-04,Gaming Subscription,North,VIP,29,44.49,0.18,1057.97
2024-08-14,Movie Subscription,South,Regular,70,36.21,0.21,2002.41
2024-11-15,Music Subscription,East,Regular,42,49.37,0.06,1949.13
2024-04-02,Movie Subscription,East,VIP,34,18.18,0.12,543.95
2024-03-21,Gaming Subscription,West,VIP,18,47.09,0.02,830.67
2024-06-08,Movie Subscription,West,Regular,70,20.95,0.28,1055.88
2024-06-08,Movie Subscription,West,Regular,41,6.3,0.06,242.8
2024-11-08,Gaming Subscription,South,Regular,10,19.87,0.09,180.82
2024-06-22,Movie Subscription,South,Regular,51,39.01,0.2,1591.61
2024-06-11,Music Subscription,East,Regular,89,34.13,0.11,2703.44
2024-12-20,Movie Subscription,South,VIP,15,37.1,0.21,439.64
2024-08-12,Movie Subscription,West,VIP,88,37.38,0.14,2828.92
2024-06-17,Gaming Subscription,East,Regular,19,38.94,0.16,621.48
2024-01-18,Music Subscription,East,VIP,46,29.67,0.01,1351.17
2024-06-15,Movie Subscription,South,VIP,46,28.22,0.1,1168.31
2024-02-11,Movie Subscription,North,Regular,63,22.94,0.25,1083.92
2024-09-15,Music Subscription,East,Regular,60,19.63,0.05,1118.91
2024-07-04,Movie Subscription,West,VIP,22,31.43,0.2,553.17
2024-06-15,Music Subscription,East,VIP,62,11.49,0.01,705.26
2024-06-18,Music Subscription,East,Regular,96,9.12,0.16,735.44
2024-10-21,Gaming Subscription,East,VIP,32,32.54,0.2,833.02
2024-09-14,Gaming Subscription,North,VIP,73,40.28,0.2,2352.35
2024-05-30,Gaming Subscription,North,Regular,31,40.86,0.28,912.0
2024-06-23,Music Subscription,South,Regular,56,28.05,0.27,1146.68
2024-08-15,Gaming Subscription,West,Regular,45,35.11,0.28,1137.56
2024-09-20,Music Subscription,East,Regular,84,42.51,0.23,2749.55
2024-04-07,Music Subscription,South,VIP,3,12.75,0.08,35.19
2024-04-07,Movie Subscription,West,VIP,44,12.42,0.19,442.65
2024-06-27,Gaming Subscription,South,Regular,34,9.47,0.21,254.36
2024-06-04,Music Subscription,East,VIP,34,33.1,0.17,934.08
2024-12-17,Gaming Subscription,East,Regular,11,9.84,0.26,80.1
2024-08-16,Gaming Subscription,West,VIP,84,37.99,0.14,2744.4
2024-11-16,Movie Subscription,North,VIP,86,10.97,0.29,669.83
2024-05-16,Movie Subscription,West,Regular,49,10.56,0.16,434.65
2024-06-14,Music Subscription,South,VIP,62,26.93,0.15,1419.21
2024-12-26,Gaming Subscription,West,VIP,80,31.33,0.23,1929.93
2024-08-11,Music Subscription,South,Regular,79,10.26,0.2,648.43
2024-05-10,Movie Subscription,West,VIP,58,44.56,0.07,2403.57
2024-04-08,Gaming Subscription,West,Regular,43,12.57,0.2,432.41
2024-01-20,Gaming Subscription,West,Regular,98,34.53,0.02,3316.26
2024-11-14,Gaming Subscription,North,Regular,81,27.65,0.13,1948.5
2024-04-14,Gaming Subscription,West,VIP,32,8.48,0.18,222.52
2024-10-24,Gaming Subscription,West,Regular,74,11.18,0.11,736.31
2024-12-29,Movie Subscription,North,Regular,61,44.28,0.24,2052.82
2024-12-25,Movie Subscription,South,VIP,36,42.08,0.06,1423.99
2024-09-12,Movie Subscription,East,Regular,64,30.54,0.07,1817.74
2024-01-08,Movie Subscription,North,VIP,77,23.47,0.23,1391.54
2024-09-01,Movie Subscription,West,Regular,82,28.27,0.17,1924.06
2024-05-21,Gaming Subscription,North,Regular,2,43.91,0.26,64.99
2024-12-14,Music Subscription,South,Regular,64,47.37,0.14,2607.24
2024-12-05,Music Subscription,West,Regular,42,41.42,0.24,1322.13
2024-08-21,Music Subscription,North,Regular,54,14.7,0.02,777.92
2024-03-25,Gaming Subscription,East,VIP,35,34.7,0.21,959.46
2024-05-05,Gaming Subscription,West,VIP,64,40.04,0.27,1870.67
2024-02-09,Gaming Subscription,East,Regular,94,22.63,0.03,2063.4
2024-11-29,Gaming Subscription,South,VIP,50,24.62,0.26,910.94
2024-02-20,Gaming Subscription,East,VIP,97,43.26,0.16,3524.82
2024-11-16,Gaming Subscription,South,VIP,63,13.22,0.08,766.23
2024-07-10,Movie Subscription,West,Regular,77,43.69,0.03,3263.21
2024-05-04,Movie Subscription,North,VIP,89,7.06,0.2,502.67
2024-10-24,Movie Subscription,West,Regular,30,43.02,0.29,916.33
2024-09-06,Movie Subscription,South,Regular,55,34.86,0.18,1572.19
2024-10-04,Movie Subscription,East,VIP,64,46.89,0.28,2160.69
2024-10-16,Gaming Subscription,South,VIP,57,28.12,0.28,1154.04
2024-06-13,Gaming Subscription,North,VIP,46,23.09,0.16,892.2
2024-10-16,Gaming Subscription,North,VIP,9,10.28,0.23,71.24
2024-02-10,Music Subscription,North,VIP,75,7.02,0.04,505.44
2024-10-11,Music Subscription,North,VIP,75,5.35,0.17,333.04
2024-07-16,Gaming Subscription,South,VIP,85,43.86,0.03,3616.26
2024-06-08,Music Subscription,East,Regular,83,16.09,0.14,1148.5
2024-05-31,Movie Subscription,North,VIP,73,22.72,0.26,1227.33
2024-12-19,Music Subscription,West,Regular,95,10.61,0.17,836.6
2024-11-28,Movie Subscription,East,VIP,36,40.46,0.2,1165.25
2024-05-26,Movie Subscription,North,Regular,87,36.5,0.07,2953.21
2024-08-29,Gaming Subscription,North,Regular,2,14.54,0.16,24.43
2024-09-14,Music Subscription,North,Regular,97,21.31,0.19,1674.33
2024-10-09,Music Subscription,East,VIP,51,38.42,0.13,1704.7
2024-11-09,Music Subscription,North,VIP,67,9.86,0.03,640.8
2024-07-04,Movie Subscription,West,VIP,91,30.16,0.0,2744.56
2024-06-03,Gaming Subscription,West,Regular,88,20.4,0.03,1741.34
2024-06-17,Gaming Subscription,South,Regular,65,16.49,0.26,793.17
2024-02-09,Gaming Subscription,North,Regular,13,48.56,0.17,523.96
2024-02-23,Gaming Subscription,North,Regular,55,28.5,0.2,1254.0
2024-11-02,Music Subscription,East,VIP,32,6.74,0.26,159.6
2024-03-09,Music Subscription,East,Regular,93,39.05,0.29,2578.47
2024-09-16,Gaming Subscription,North,VIP,3,49.37,0.19,119.97
2024-03-21,Gaming Subscription,North,Regular,30,46.79,0.2,1122.96
2024-05-04,Gaming Subscription,North,Regular,39,14.88,0.14,499.08
2024-06-06,Music Subscription,North,VIP,7,31.47,0.11,196.06
2024-02-03,Music Subscription,East,VIP,34,40.03,0.03,1320.19
2024-03-19,Movie Subscription,South,VIP,12,37.04,0.08,408.92
2024-08-03,Music Subscription,South,Regular,62,15.33,0.23,731.85
2024-05-15,Movie Subscription,North,VIP,32,12.04,0.14,331.34
2024-10-08,Movie Subscription,East,Regular,100,25.12,0.29,1783.52
2024-12-25,Gaming Subscription,East,VIP,77,11.36,0.28,629.8
2024-10-10,Gaming Subscription,South,VIP,22,33.14,0.29,517.65
2024-05-28,Music Subscription,North,Regular,47,30.33,0.19,1154.66
2024-02-25,Movie Subscription,East,Regular,64,8.35,0.17,443.55
2024-01-25,Gaming Subscription,North,Regular,65,10.44,0.21,536.09
2024-03-05,Music Subscription,East,Regular,15,17.91,0.09,244.47
2024-11-10,Movie Subscription,East,Regular,78,41.62,0.12,2856.8
2024-03-10,Music Subscription,East,Regular,2,40.22,0.24,61.13
2024-02-07,Gaming Subscription,West,VIP,68,48.12,0.01,3239.44
2024-05-08,Movie Subscription,East,Regular,91,37.91,0.14,2966.84
2024-04-09,Movie Subscription,North,VIP,49,30.17,0.1,1330.5
2024-03-14,Music Subscription,West,VIP,58,36.03,0.06,1964.36
2024-03-29,Gaming Subscription,North,Regular,100,20.08,0.01,1987.92
2024-03-18,Music Subscription,North,VIP,17,13.73,0.16,196.06
2024-02-16,Movie Subscription,South,VIP,60,23.77,0.11,1269.32
2024-10-09,Gaming Subscription,South,Regular,64,19.92,0.14,1096.4
2024-10-20,Music Subscription,West,VIP,79,24.61,0.08,1788.65
2024-11-20,Movie Subscription,West,VIP,41,32.2,0.15,1122.17
2024-05-05,Music Subscription,South,Regular,100,49.64,0.16,4169.76
2024-01-21,Gaming Subscription,North,VIP,40,12.0,0.16,403.2
2024-05-29,Movie Subscription,East,Regular,67,28.24,0.27,1381.22
2024-09-09,Music Subscription,West,VIP,83,11.05,0.14,788.75
2024-12-08,Gaming Subscription,West,VIP,97,38.56,0.11,3328.88
2024-11-22,Gaming Subscription,East,VIP,67,35.94,0.2,1926.38
2024-06-10,Gaming Subscription,West,VIP,81,25.5,0.09,1879.6
2024-01-04,Music Subscription,West,Regular,74,37.93,0.21,2217.39
2024-07-25,Gaming Subscription,West,Regular,85,39.67,0.16,2832.44
2024-04-12,Music Subscription,South,VIP,16,15.87,0.18,208.21
2024-11-02,Music Subscription,East,Regular,7,16.54,0.24,87.99
2024-10-13,Music Subscription,North,VIP,71,14.79,0.13,913.58
2024-09-22,Music Subscription,East,Regular,39,18.01,0.2,561.91
2024-06-21,Gaming Subscription,South,Regular,70,39.61,0.14,2384.52
2024-08-31,Movie Subscription,South,VIP,96,41.65,0.01,3958.42
2024-06-08,Music Subscription,West,Regular,74,46.76,0.0,3460.24
2024-09-26,Gaming Subscription,South,Regular,53,22.46,0.16,999.92
2024-01-17,Movie Subscription,West,Regular,77,7.8,0.1,540.54
2024-11-16,Gaming Subscription,North,VIP,27,25.75,0.05,660.49
2024-06-01,Gaming Subscription,West,VIP,99,24.59,0.16,2044.9
2024-08-10,Movie Subscription,East,Regular,59,6.77,0.12,351.5
2024-10-25,Movie Subscription,North,VIP,63,7.78,0.26,362.7
2024-07-23,Gaming Subscription,North,VIP,76,28.95,0.07,2046.19
2024-11-27,Gaming Subscription,North,VIP,31,33.73,0.09,951.52
2024-11-09,Gaming Subscription,North,Regular,13,8.82,0.15,97.46
2024-10-09,Music Subscription,South,VIP,23,8.5,0.15,166.18
2024-12-31,Movie Subscription,South,VIP,54,8.02,0.13,376.78
2024-06-17,Movie Subscription,North,VIP,91,31.42,0.07,2659.07
2024-10-31,Music Subscription,North,Regular,42,8.92,0.06,352.16
2024-06-27,Movie Subscription,South,Regular,10,17.08,0.07,158.84
2024-11-03,Gaming Subscription,West,Regular,98,30.37,0.15,2529.82
2024-07-18,Music Subscription,West,VIP,11,11.75,0.16,108.57
2024-04-21,Gaming Subscription,North,VIP,83,27.42,0.02,2230.34
2024-10-06,Movie Subscription,South,VIP,38,23.82,0.23,696.97
2024-08-13,Gaming Subscription,East,VIP,26,38.25,0.2,795.6
2024-09-28,Movie Subscription,East,Regular,67,46.26,0.19,2510.53
2024-08-16,Gaming Subscription,South,Regular,45,24.44,0.27,802.85
2024-03-02,Gaming Subscription,East,VIP,49,47.56,0.04,2237.22
2024-11-30,Movie Subscription,West,VIP,90,48.46,0.08,4012.49
2024-03-07,Music Subscription,North,VIP,31,30.48,0.22,737.01
2024-06-19,Movie Subscription,East,Regular,7,19.51,0.2,109.26
2024-09-16,Movie Subscription,West,Regular,97,21.03,0.08,1876.72
2024-07-04,Movie Subscription,South,Regular,61,19.21,0.22,914.01
2024-06-16,Movie Subscription,South,VIP,11,20.0,0.29,156.2
2024-06-18,Music Subscription,East,Regular,78,18.23,0.09,1293.97
2024-01-18,Movie Subscription,West,VIP,42,48.72,0.05,1943.93
2024-08-05,Gaming Subscription,South,VIP,72,25.4,0.22,1426.46
2024-07-12,Movie Subscription,South,VIP,43,13.44,0.14,497.01
2024-11-01,Gaming Subscription,North,VIP,57,25.04,0.2,1141.82
2024-02-10,Movie Subscription,South,VIP,12,41.09,0.17,409.26
2024-10-27,Music Subscription,South,Regular,79,44.2,0.01,3456.88
2024-03-10,Music Subscription,North,Regular,29,24.05,0.14,599.81
2024-03-27,Movie Subscription,East,VIP,57,27.8,0.19,1283.53
2024-10-01,Movie Subscription,North,Regular,26,41.52,0.3,755.66
2024-06-11,Movie Subscription,North,Regular,2,18.62,0.17,30.91
2024-01-24,Music Subscription,West,Regular,53,42.29,0.14,1927.58
2024-12-04,Gaming Subscription,South,Regular,11,9.48,0.24,79.25
2024-06-10,Music Subscription,North,VIP,10,38.24,0.04,367.1
2024-04-15,Gaming Subscription,South,Regular,64,7.55,0.1,434.88
2024-01-30,Movie Subscription,West,VIP,48,19.0,0.15,775.2
2024-11-24,Gaming Subscription,East,Regular,70,17.33,0.13,1055.4
2024-06-06,Movie Subscription,South,Regular,62,41.05,0.2,2036.08
2024-11-10,Movie Subscription,East,VIP,54,30.64,0.04,1588.38
2024-12-07,Movie Subscription,North,VIP,91,48.75,0.2,3549.0
2024-11-17,Gaming Subscription,West,Regular,22,42.09,0.26,685.23
2024-05-17,Movie Subscription,West,VIP,51,7.64,0.02,381.85
2024-10-03,Music Subscription,South,VIP,13,16.83,0.26,161.9
2024-06-20,Music Subscription,West,Regular,74,49.81,0.29,2617.02
2024-04-19,Music Subscription,East,VIP,6,15.65,0.06,88.27
2024-11-23,Movie Subscription,West,Regular,32,5.03,0.15,136.82
2024-12-07,Gaming Subscription,South,Regular,53,24.84,0.21,1040.05
2024-04-04,Gaming Subscription,East,VIP,7,22.52,0.1,141.88
2024-01-16,Gaming Subscription,West,VIP,45,21.71,0.02,957.41
2024-02-21,Movie Subscription,East,VIP,9,31.19,0.09,255.45
2024-03-16,Music Subscription,East,VIP,51,45.53,0.06,2182.71
2024-03-21,Music Subscription,East,VIP,23,40.19,0.18,757.98
2024-04-24,Music Subscription,South,Regular,32,33.49,0.29,760.89
2024-04-10,Movie Subscription,South,Regular,90,48.14,0.13,3769.36
2024-09-10,Gaming Subscription,South,VIP,72,16.04,0.02,1131.78
2024-07-09,Gaming Subscription,East,Regular,8,25.83,0.08,190.11
2024-04-01,Gaming Subscription,East,VIP,27,5.84,0.06,148.22
2024-10-24,Music Subscription,East,VIP,8,40.54,0.14,278.92
2024-05-26,Gaming Subscription,North,Regular,51,46.7,0.08,2191.16
2024-01-01,Music Subscription,East,VIP,19,32.07,0.08,560.58
2024-06-02,Music Subscription,South,Regular,24,45.09,0.08,995.59
2024-11-30,Music Subscription,East,VIP,76,9.46,0.23,553.6
2024-04-01,Music Subscription,West,VIP,58,49.42,0.29,2035.12
2024-01-11,Gaming Subscription,South,Regular,8,47.9,0.06,360.21
2024-08-31,Movie Subscription,North,Regular,69,31.32,0.01,2139.47
2024-11-24,Gaming Subscription,North,Regular,66,17.81,0.27,858.09
2024-05-09,Music Subscription,West,Regular,100,24.88,0.18,2040.16
2024-11-16,Movie Subscription,South,VIP,57,30.61,0.25,1308.58
2024-02-20,Music Subscription,North,VIP,92,27.09,0.2,1993.82
2024-02-26,Movie Subscription,East,Regular,21,39.11,0.26,607.77
2024-04-22,Movie Subscription,North,VIP,98,30.06,0.18,2415.62
2024-03-29,Movie Subscription,East,Regular,53,10.57,0.02,549.01
2024-08-14,Music Subscription,West,Regular,81,34.62,0.02,2748.14
2024-11-02,Music Subscription,East,Regular,83,14.78,0.14,1055.0
2024-01-10,Movie Subscription,North,Regular,29,30.7,0.04,854.69
2024-08-28,Movie Subscription,East,VIP,92,19.28,0.28,1277.11
2024-03-24,Gaming Subscription,North,Regular,46,28.74,0.01,1308.82
2024-05-25,Gaming Subscription,South,Regular,22,10.58,0.02,228.1
2024-11-19,Music Subscription,West,VIP,43,26.86,0.05,1097.23
2024-12-12,Music Subscription,East,VIP,82,10.7,0.29,622.95
2024-08-07,Gaming Subscription,South,Regular,22,43.2,0.23,731.81
2024-05-11,Gaming Subscription,West,Regular,30,46.85,0.24,1068.18
2024-06-08,Music Subscription,West,VIP,79,37.32,0.2,2358.62
2024-03-08,Movie Subscription,West,VIP,70,36.89,0.23,1988.37
2024-05-27,Music Subscription,South,VIP,16,20.81,0.09,302.99
2024-05-09,Movie Subscription,North,Regular,57,43.81,0.23,1922.82
2024-06-01,Movie Subscription,West,Regular,77,8.07,0.13,540.61
2024-06-27,Music Subscription,North,VIP,82,47.94,0.21,3105.55
2024-05-05,Movie Subscription,South,VIP,18,8.37,0.15,128.06
2024-05-19,Gaming Subscription,North,Regular,57,14.67,0.01,827.83
2024-01-04,Music Subscription,East,VIP,28,12.21,0.25,256.41
2024-08-21,Music Subscription,West,VIP,73,49.41,0.18,2957.68
2024-11-08,Gaming Subscription,South,Regular,40,49.07,0.27,1432.84
2024-09-04,Gaming Subscription,North,VIP,64,10.62,0.13,591.32
2024-08-05,Gaming Subscription,South,Regular,97,10.82,0.23,808.15
2024-10-03,Movie Subscription,South,Regular,54,14.3,0.03,749.03
2024-01-13,Gaming Subscription,South,VIP,16,33.65,0.21,425.34
2024-05-15,Music Subscription,North,Regular,55,19.65,0.1,972.68
2024-04-23,Gaming Subscription,East,Regular,26,23.82,0.19,501.65
2024-04-11,Gaming Subscription,West,Regular,38,11.51,0.1,393.64
2024-05-17,Music Subscription,North,Regular,26,22.95,0.15,507.19
2024-10-01,Movie Subscription,East,Regular,7,36.98,0.15,220.03
2024-02-22,Gaming Subscription,West,VIP,91,16.9,0.02,1507.14
2024-07-20,Movie Subscription,North,VIP,84,6.3,0.28,381.02
2024-09-10,Movie Subscription,North,VIP,3,31.21,0.01,92.69
2024-07-07,Movie Subscription,West,VIP,94,30.43,0.13,2488.57
2024-09-22,Gaming Subscription,West,VIP,12,43.54,0.13,454.56
2024-03-13,Gaming Subscription,North,Regular,71,17.82,0.09,1151.35
2024-02-06,Gaming Subscription,East,VIP,18,28.4,0.06,480.53
2024-07-17,Gaming Subscription,North,VIP,70,35.17,0.24,1871.04
2024-11-13,Music Subscription,West,Regular,71,13.51,0.15,815.33
2024-12-28,Gaming Subscription,South,VIP,98,27.2,0.2,2132.48
2024-02-13,Movie Subscription,West,VIP,96,47.02,0.2,3611.14
2024-12-18,Movie Subscription,East,Regular,66,49.45,0.22,2545.69
2024-07-09,Music Subscription,East,Regular,68,32.37,0.24,1672.88
2024-01-04,Music Subscription,East,VIP,77,49.79,0.03,3718.82
2024-08-21,Movie Subscription,East,Regular,44,47.89,0.01,2086.09
2024-12-15,Gaming Subscription,North,VIP,28,36.96,0.29,734.76
2024-06-08,Music Subscription,East,VIP,17,10.97,0.09,169.71
2024-06-27,Movie Subscription,South,Regular,47,21.82,0.07,953.75
2024-11-15,Music Subscription,East,Regular,66,38.94,0.06,2415.84
2024-10-14,Movie Subscription,South,Regular,80,46.35,0.13,3225.96
2024-09-06,Music Subscription,North,VIP,31,32.86,0.25,764.0
2024-07-31,Gaming Subscription,North,Regular,8,11.08,0.21,70.03
2024-04-20,Movie Subscription,West,Regular,89,42.1,0.19,3034.99
2024-07-21,Music Subscription,North,VIP,2,45.39,0.16,76.26
2024-08-27,Gaming Subscription,South,VIP,31,5.71,0.09,161.08
2024-12-08,Movie Subscription,North,VIP,55,39.74,0.18,1792.27
2024-10-31,Movie Subscription,North,VIP,89,25.71,0.14,1967.84
2024-10-21,Music Subscription,North,VIP,36,38.89,0.03,1358.04
2024-08-13,Movie Subscription,North,VIP,66,37.47,0.15,2102.07
2024-07-21,Music Subscription,West,VIP,23,49.47,0.11,1012.65
2024-01-28,Music Subscription,South,VIP,90,38.13,0.08,3157.16
2024-01-17,Movie Subscription,South,Regular,24,5.17,0.23,95.54
2024-08-11,Music Subscription,West,VIP,10,33.61,0.1,302.49
2024-01-29,Gaming Subscription,West,VIP,41,39.75,0.3,1140.82
2024-06-19,Movie Subscription,West,Regular,77,32.48,0.14,2150.83
2024-02-18,Gaming Subscription,East,Regular,78,44.25,0.27,2519.59
2024-01-28,Music Subscription,South,Regular,62,43.86,0.04,2610.55
2024-10-19,Music Subscription,East,VIP,97,48.33,0.11,4172.33
2024-03-19,Gaming Subscription,West,VIP,31,14.35,0.2,355.88
2024-11-29,Music Subscription,North,Regular,73,25.18,0.15,1562.42
2024-01-28,Music Subscription,North,VIP,70,15.74,0.23,848.39
2024-09-09,Movie Subscription,West,VIP,58,26.97,0.0,1564.26
2024-04-13,Music Subscription,West,Regular,92,47.56,0.07,4069.23
2024-03-19,Gaming Subscription,East,VIP,62,5.15,0.09,290.56
2024-09-13,Music Subscription,North,VIP,14,6.57,0.11,81.86
2024-10-06,Gaming Subscription,West,VIP,21,5.11,0.14,92.29
2024-06-13,Movie Subscription,South,VIP,73,15.91,0.21,917.53
2024-12-31,Movie Subscription,West,VIP,64,35.29,0.28,1626.16
2024-08-16,Music Subscription,West,VIP,54,45.89,0.15,2106.35
2024-12-11,Music Subscription,South,Regular,3,13.41,0.11,35.8
2024-04-18,Gaming Subscription,South,VIP,79,39.3,0.19,2514.81
2024-12-14,Music Subscription,West,Regular,83,34.43,0.1,2571.92
2024-03-07,Music Subscription,West,Regular,72,18.76,0.07,1256.17
2024-04-06,Movie Subscription,South,Regular,1,18.43,0.21,14.56
2024-07-03,Music Subscription,South,VIP,69,19.54,0.09,1226.92
2024-11-30,Gaming Subscription,West,VIP,20,42.08,0.26,622.78
2024-09-18,Movie Subscription,South,VIP,44,24.08,0.09,964.16
2024-06-23,Gaming Subscription,North,VIP,6,27.11,0.27,118.74
2024-07-11,Movie Subscription,East,Regular,52,31.21,0.24,1233.42
2024-12-22,Music Subscription,North,VIP,39,32.9,0.0,1283.1
2024-10-21,Music Subscription,West,VIP,23,22.91,0.2,421.54
2024-01-21,Music Subscription,East,Regular,73,26.56,0.12,1706.21
2024-12-30,Music Subscription,West,Regular,21,44.41,0.18,764.74
2024-11-22,Music Subscription,South,VIP,11,7.51,0.22,64.44
2024-08-11,Music Subscription,South,VIP,59,11.0,0.16,545.16
2024-03-13,Movie Subscription,West,Regular,92,19.12,0.2,1407.23
2024-05-06,Music Subscription,North,Regular,99,47.16,0.16,3921.83
2024-01-21,Movie Subscription,East,Regular,25,22.86,0.04,548.64
2024-12-04,Gaming Subscription,East,Regular,67,37.88,0.09,2309.54
2024-11-25,Gaming Subscription,West,Regular,83,24.98,0.23,1596.47
2024-03-28,Music Subscription,North,VIP,70,28.68,0.01,1987.52
2024-12-26,Music Subscription,North,VIP,4,33.24,0.23,102.38
2024-03-27,Movie Subscription,West,VIP,50,15.31,0.02,750.19
2024-10-08,Music Subscription,West,Regular,5,9.57,0.14,41.15
2024-12-30,Music Subscription,North,VIP,82,33.71,0.23,2128.45
2024-05-26,Movie Subscription,West,VIP,88,39.17,0.18,2826.51
2024-11-20,Movie Subscription,North,VIP,80,40.2,0.05,3055.2
2024-08-20,Movie Subscription,South,VIP,89,15.27,0.05,1291.08
2024-10-06,Movie Subscription,North,VIP,57,28.51,0.03,1576.32
2024-02-21,Movie Subscription,South,VIP,55,46.19,0.21,2006.96
2024-03-21,Music Subscription,East,Regular,82,22.47,0.2,1474.03
2024-08-08,Movie Subscription,East,VIP,79,5.21,0.08,378.66
2024-06-13,Gaming Subscription,South,Regular,42,28.66,0.02,1179.65
2024-03-07,Music Subscription,West,VIP,44,35.76,0.08,1447.56
2024-10-16,Gaming Subscription,West,Regular,78,28.72,0.25,1680.12
2024-02-27,Music Subscription,North,Regular,99,39.48,0.25,2931.39
2024-10-02,Gaming Subscription,South,VIP,27,9.08,0.09,223.1
2024-07-06,Music Subscription,South,Regular,87,42.78,0.12,3275.24
2024-05-18,Gaming Subscription,West,Regular,2,11.62,0.2,18.59
2024-09-20,Movie Subscription,South,VIP,31,16.25,0.16,423.15
2024-07-17,Music Subscription,East,VIP,41,19.54,0.12,705.0
2024-11-06,Music Subscription,East,Regular,12,46.73,0.21,443.0
2024-11-15,Music Subscription,South,VIP,38,35.42,0.15,1144.07
2024-03-19,Gaming Subscription,West,Regular,12,16.47,0.29,140.32
2024-04-02,Movie Subscription,West,Regular,16,27.3,0.22,340.7
2024-01-14,Music Subscription,North,VIP,56,21.79,0.16,1025.0
2024-04-12,Movie Subscription,West,VIP,22,48.4,0.07,990.26
2024-07-25,Music Subscription,West,Regular,28,34.56,0.08,890.27
2024-05-07,Music Subscription,South,Regular,62,25.81,0.29,1136.16
2024-10-24,Music Subscription,South,Regular,75,11.76,0.28,635.04
2024-09-01,Music Subscription,West,Regular,95,5.58,0.04,508.9
2024-01-19,Gaming Subscription,South,VIP,59,28.28,0.06,1568.41
2024-06-16,Gaming Subscription,North,Regular,13,39.67,0.2,412.57
2024-04-01,Gaming Subscription,East,VIP,86,19.02,0.04,1570.29
2024-05-23,Gaming Subscription,West,VIP,97,37.65,0.24,2775.56
2024-10-18,Gaming Subscription,East,VIP,75,19.0,0.23,1097.25
2024-01-11,Music Subscription,North,Regular,94,10.62,0.03,968.33
2024-08-15,Music Subscription,South,VIP,95,37.19,0.28,2543.8
2024-07-18,Movie Subscription,North,VIP,75,43.4,0.29,2311.05
2024-10-23,Gaming Subscription,South,Regular,27,11.15,0.13,261.91
2024-02-08,Movie Subscription,North,VIP,55,15.11,0.16,698.08
2024-02-04,Movie Subscription,North,VIP,45,29.91,0.12,1184.44
2024-03-18,Music Subscription,South,VIP,32,15.95,0.29,362.38
2024-08-13,Music Subscription,North,Regular,28,14.71,0.15,350.1
2024-04-19,Movie Subscription,South,Regular,98,19.15,0.11,1670.26
2024-07-22,Movie Subscription,South,VIP,51,35.79,0.1,1642.76
2024-12-06,Movie Subscription,South,Regular,62,23.21,0.26,1064.87
2024-08-15,Movie Subscription,South,VIP,47,49.72,0.17,1939.58
2024-11-07,Gaming Subscription,East,VIP,58,43.38,0.13,2188.95
2024-02-07,Music Subscription,South,VIP,55,35.7,0.06,1845.69
2024-01-13,Music Subscription,North,Regular,84,28.05,0.26,1743.59
2024-05-13,Gaming Subscription,West,Regular,68,43.0,0.28,2105.28
2024-09-17,Gaming Subscription,North,Regular,88,38.14,0.3,2349.42
2024-07-21,Gaming Subscription,North,Regular,27,48.43,0.01,1294.53
2024-08-14,Gaming Subscription,West,Regular,96,29.52,0.03,2748.9
2024-03-13,Movie Subscription,East,Regular,46,39.34,0.03,1755.35
2024-09-13,Music Subscription,West,Regular,57,22.97,0.18,1073.62
2024-02-02,Gaming Subscription,South,Regular,78,43.08,0.12,2957.01
2024-04-04,Movie Subscription,East,Regular,76,6.59,0.13,435.73
2024-09-28,Music Subscription,South,Regular,93,45.18,0.0,4201.74
2024-07-08,Movie Subscription,South,VIP,56,20.87,0.22,911.6
2024-04-11,Movie Subscription,North,VIP,93,33.94,0.19,2556.7
2024-01-19,Gaming Subscription,North,Regular,42,10.15,0.09,387.93
